Sengoku5; 19 games played before game Rémi-san; https://vdiplomacy.com/gamelistings.php?gamelistType=Search&status=Won&userGames=All&seeJoinable=All&privacy=All&potType=All&drawVotes=All&variant=Sengoku5&excusedTurns=All&anonymity=yes&phaseLengthMin=All&rrMin=All&rrMax=All&betMin=&betMax=&messageNon=Yes&sortCol=id&sortType=desc&Submit=Search&pagenum=1
Rémi; Country ; Average ranking; Victories; Average centers; Average units
; Chosokabe; 4.73684210526; 0.; 0.; 0.368421052632
; Uesugi; 3.84210526316; 0.263157894737; 6.52631578947; 5.63157894737
; Oda; 3.57894736842; 0.368421052632; 8.84210526316; 7.89473684211
; Asakura; 5.68421052632; 0.; -1.47368421053; -1.26315789474
; Mori; 4.10526315789; 0.; 0.473684210526; 0.947368421053
; Hojo; 5.63157894737; 0.0526315789474; 0.263157894737; 0.736842105263
; Takeda; 6.; 0.105263157895; 0.315789473684; 0.263157894737
; Shimazu; 2.42105263158; 0.210526315789; 8.73684210526; 8.47368421053
